-- Full catalog import from the original Lovable database (project zfjcuzbpawnprzjofovm).
-- Replaces 20260513000000_seed_baseline.sql.
-- Idempotent: ON CONFLICT (id) DO UPDATE so re-running keeps the catalog in sync.

-- Wipe placeholder seed first to avoid duplicate names with different UUIDs.
-- (Categories/products inserted by my earlier placeholder seed had different IDs.)
DELETE FROM public.spec_options WHERE spec_type_id IN (SELECT id FROM public.spec_types WHERE key IN ('grade','handle','size'));
DELETE FROM public.spec_types WHERE key IN ('grade','handle','size');
DELETE FROM public.products WHERE name IN ('Cooper Pro Bat','Cooper Elite Bat','Cooper Test Pads','Cooper Pro Gloves','Cooper Pro Helmet','Cooper Tour Bag');
DELETE FROM public.categories WHERE name IN ('Bats','Pads','Gloves','Helmets','Bags') AND id NOT IN ('91f05896-cbb0-4a74-99d6-79d309b18908','58466142-b8f0-4562-a3d4-74fd86549116','1c555fdd-e7a1-470e-9c9c-2def7722ea81','ab0a1f36-fc9d-4679-ad4d-ae24463b55bc');
DELETE FROM public.colour_options WHERE value IN ('White','Black','Navy','Maroon');
DELETE FROM public.standard_terms WHERE title IN ('Exclusivity','Social Media Obligations','Brand Representation','Termination') AND id NOT IN (SELECT id FROM public.standard_terms WHERE title='Exclusivity' AND created_at::date='2026-03-05');

-- Categories
INSERT INTO public.categories (id, name, sort_order, has_customisation, has_colour_variants, created_at) VALUES
  ('91f05896-cbb0-4a74-99d6-79d309b18908', 'Bats', 1, true, true, '2026-03-05T13:50:12.073928+00:00'),
  ('58466142-b8f0-4562-a3d4-74fd86549116', 'Gloves', 2, false, false, '2026-03-05T13:50:12.073928+00:00'),
  ('1c555fdd-e7a1-470e-9c9c-2def7722ea81', 'Pads', 3, false, true, '2026-03-05T13:50:12.073928+00:00'),
  ('622b6ed9-5fcd-4ef1-9f91-55c02679b1ca', 'Protection', 4, false, false, '2026-03-05T13:50:12.073928+00:00'),
  ('ab0a1f36-fc9d-4679-ad4d-ae24463b55bc', 'Bags', 5, false, false, '2026-03-05T13:50:12.073928+00:00'),
  ('7b4bda55-252e-4414-8a9b-81a0a12c27a1', 'Accessories', 6, false, false, '2026-03-05T13:50:12.073928+00:00'),
  ('7c74b391-9f60-4513-9a3d-1eead3b56e09', 'Apparel', 7, false, false, '2026-03-05T13:50:12.073928+00:00'),
  ('67c95267-fb9f-43ff-b3e0-9c0e18a25805', 'Footwear', 8, false, false, '2026-03-05T13:50:12.073928+00:00')
ON CONFLICT (id) DO UPDATE SET name = EXCLUDED.name, sort_order = EXCLUDED.sort_order, has_customisation = EXCLUDED.has_customisation, has_colour_variants = EXCLUDED.has_colour_variants;

-- Products
INSERT INTO public.products (id, name, category_id, default_price, sort_order, is_active, created_at) VALUES
  ('0f01a7b8-4e43-4423-bd8f-da5c60a3f1fe', 'BISON - YOUTH - RH', '1c555fdd-e7a1-470e-9c9c-2def7722ea81', 229, 1, true, '2026-03-05T13:50:12.073928+00:00'),
  ('552368fd-182c-48cd-adc5-8712c4ffc022', 'Cooper T-Shirt', '7c74b391-9f60-4513-9a3d-1eead3b56e09', 49, 1, true, '2026-03-05T13:50:12.073928+00:00'),
  ('38f794d9-3205-4428-a79e-fb0d76cf7c7a', 'Fibreguard Roll', '7b4bda55-252e-4414-8a9b-81a0a12c27a1', 75, 1, true, '2026-03-05T13:50:12.073928+00:00'),
  ('0daf5bb0-b458-42d1-a3d5-8420c30588c8', 'BISON', '91f05896-cbb0-4a74-99d6-79d309b18908', 0, 1, true, '2026-03-05T13:50:12.073928+00:00'),
  ('d4c2fc6d-153d-4a70-b633-14716f1b4d26', 'LD7', 'ab0a1f36-fc9d-4679-ad4d-ae24463b55bc', 149, 1, true, '2026-03-05T13:50:12.073928+00:00'),
  ('2b12da5e-caa3-4822-b012-a157264ce380', 'BISON - YOUTH - RH', '58466142-b8f0-4562-a3d4-74fd86549116', 169, 1, true, '2026-03-05T13:50:12.073928+00:00'),
  ('a079c534-afa9-4946-98c7-f47229ac1092', 'CHEST GUARD - ADULT', '622b6ed9-5fcd-4ef1-9f91-55c02679b1ca', 49, 1, true, '2026-03-05T13:50:12.073928+00:00'),
  ('5bf491bc-97fb-4f7b-9661-b36bd9424d85', 'BISON - YOUTH - LH', '58466142-b8f0-4562-a3d4-74fd86549116', 169, 2, true, '2026-03-05T13:50:12.073928+00:00'),
  ('b2f19455-a747-48ce-bb3b-918f9c92f65e', 'Training Shirt', '7c74b391-9f60-4513-9a3d-1eead3b56e09', 65, 2, true, '2026-03-05T13:50:12.073928+00:00'),
  ('dfcbce86-b760-4cf1-9cdd-5e0544136698', 'Bat Grip', '7b4bda55-252e-4414-8a9b-81a0a12c27a1', 12, 2, true, '2026-03-05T13:50:12.073928+00:00'),
  ('7aa00a25-25bf-4980-9c0f-5879dcb3b6fc', 'BISON - YOUTH - LH', '1c555fdd-e7a1-470e-9c9c-2def7722ea81', 229, 2, true, '2026-03-05T13:50:12.073928+00:00'),
  ('4c310cc6-7d97-4377-bb40-aaaed3f553c2', 'PRO', '91f05896-cbb0-4a74-99d6-79d309b18908', 0, 2, true, '2026-03-05T13:50:12.073928+00:00'),
  ('4e1f38f8-9b1c-4382-8370-9b801a1aa59c', 'LD9', 'ab0a1f36-fc9d-4679-ad4d-ae24463b55bc', 229, 2, true, '2026-03-05T13:50:12.073928+00:00'),
  ('403a046a-7176-448e-8c85-34f522a585a9', 'CHEST GUARD - YOUTH', '622b6ed9-5fcd-4ef1-9f91-55c02679b1ca', 39, 2, true, '2026-03-05T13:50:12.073928+00:00'),
  ('d768e31a-0152-41cf-b988-3e6caa0fa16d', 'GUARDIAN', '91f05896-cbb0-4a74-99d6-79d309b18908', 0, 3, true, '2026-03-05T13:50:12.073928+00:00'),
  ('fac4dc57-5464-4786-93a6-9b5fd1360bf5', 'BISON - ADULT - RH', '58466142-b8f0-4562-a3d4-74fd86549116', 199, 3, true, '2026-03-05T13:50:12.073928+00:00'),
  ('52c19e16-3d31-491e-9d2f-9b227c4fd233', 'BISON - ADULT - RH', '1c555fdd-e7a1-470e-9c9c-2def7722ea81', 249, 3, true, '2026-03-05T13:50:12.073928+00:00'),
  ('00d1ddd5-c0eb-4685-8a70-7a461072a49e', 'ELITE THIGH PAD - YOUTH - RH', '622b6ed9-5fcd-4ef1-9f91-55c02679b1ca', 109, 3, true, '2026-03-05T13:50:12.073928+00:00'),
  ('8fc27d16-278b-4688-b0a5-1370840e2c56', 'LK7', 'ab0a1f36-fc9d-4679-ad4d-ae24463b55bc', 229, 3, true, '2026-03-05T13:50:12.073928+00:00'),
  ('33522d9a-7c21-4683-b838-e07a6d33ef88', 'Bat Tape', '7b4bda55-252e-4414-8a9b-81a0a12c27a1', 8, 3, true, '2026-03-05T13:50:12.073928+00:00'),
  ('14289035-2501-4905-94c2-21868fc02e8f', 'Cooper Cap', '7c74b391-9f60-4513-9a3d-1eead3b56e09', 35, 3, true, '2026-03-05T13:50:12.073928+00:00'),
  ('d70ffcf7-9e87-49f4-9b64-f5ae7fc301eb', 'APEX', '91f05896-cbb0-4a74-99d6-79d309b18908', 0, 4, true, '2026-03-05T13:50:12.073928+00:00'),
  ('f2b94e59-b2ee-4fb2-bd2b-b946f99e3226', 'ELITE THIGH PAD - YOUTH - LH', '622b6ed9-5fcd-4ef1-9f91-55c02679b1ca', 109, 4, true, '2026-03-05T13:50:12.073928+00:00'),
  ('309da97e-da3a-4114-99fa-5e0052246587', 'BISON - ADULT - LH', '1c555fdd-e7a1-470e-9c9c-2def7722ea81', 249, 4, true, '2026-03-05T13:50:12.073928+00:00'),
  ('b18a4f93-356c-464a-8e89-795c6bd686f7', 'BISON - ADULT - LH', '58466142-b8f0-4562-a3d4-74fd86549116', 199, 4, true, '2026-03-05T13:50:12.073928+00:00'),
  ('d5e80108-1942-460e-8b85-53e8fe4d5e71', 'LK9', 'ab0a1f36-fc9d-4679-ad4d-ae24463b55bc', 259, 4, true, '2026-03-05T13:50:12.073928+00:00'),
  ('221cc4b3-808e-4076-bc54-9eeaabea205e', 'LK10', 'ab0a1f36-fc9d-4679-ad4d-ae24463b55bc', 299, 5, true, '2026-03-05T13:50:12.073928+00:00'),
  ('f32f7c0f-433f-4c31-8459-0be5a1146db9', 'AM9 - YOUTH - RH', '58466142-b8f0-4562-a3d4-74fd86549116', 159, 5, true, '2026-03-05T13:50:12.073928+00:00'),
  ('d1b11a2d-0f19-4d92-9b65-17095c25c24f', 'ELITE THIGH PAD - ADULT - RH', '622b6ed9-5fcd-4ef1-9f91-55c02679b1ca', 129, 5, true, '2026-03-05T13:50:12.073928+00:00'),
  ('bdff2aa8-4ef0-436f-988a-043407790ee5', 'ALTO', '91f05896-cbb0-4a74-99d6-79d309b18908', 0, 5, true, '2026-03-05T13:50:12.073928+00:00'),
  ('15f1ef16-086c-4c9a-9658-aa0cdd06766f', 'AM11 - YOUTH - RH', '1c555fdd-e7a1-470e-9c9c-2def7722ea81', 199, 5, true, '2026-03-05T13:50:12.073928+00:00'),
  ('a83900c3-c53d-4d7a-8520-7c089c0dc19f', 'AM9 - YOUTH - LH', '58466142-b8f0-4562-a3d4-74fd86549116', 159, 6, true, '2026-03-05T13:50:12.073928+00:00'),
  ('922f5a24-9f38-4392-a92a-2cd2fd32a4ad', 'AM11 - YOUTH - LH', '1c555fdd-e7a1-470e-9c9c-2def7722ea81', 199, 6, true, '2026-03-05T13:50:12.073928+00:00'),
  ('0cd0e711-cd1d-4a71-9c92-8fcd2b93514b', 'ELITE THIGH PAD - ADULT - LH', '622b6ed9-5fcd-4ef1-9f91-55c02679b1ca', 129, 6, true, '2026-03-05T13:50:12.073928+00:00'),
  ('aa0ca971-15aa-4902-bdad-90c587e2ecf2', 'Players Back Pack', 'ab0a1f36-fc9d-4679-ad4d-ae24463b55bc', 99, 6, true, '2026-03-05T13:50:12.073928+00:00'),
  ('20f2a320-864b-470d-92d4-e2611b5cc457', 'ZENITH', '91f05896-cbb0-4a74-99d6-79d309b18908', 0, 6, true, '2026-03-05T13:50:12.073928+00:00'),
  ('34091fad-b7c6-4b16-9b27-94900c5264d7', 'AM9 - ADULT - RH', '58466142-b8f0-4562-a3d4-74fd86549116', 179, 7, true, '2026-03-05T13:50:12.073928+00:00'),
  ('d28bb0d2-5cfd-48c8-8708-4bf7eda200f7', 'AM11 - ADULT - RH', '1c555fdd-e7a1-470e-9c9c-2def7722ea81', 229, 7, true, '2026-03-05T13:50:12.073928+00:00'),
  ('17936d1a-e960-467e-93aa-40df5a2999f4', 'ORIGINAL', '91f05896-cbb0-4a74-99d6-79d309b18908', 0, 7, true, '2026-03-05T13:50:12.073928+00:00'),
  ('a5b87f1f-c90b-4a03-9e70-1f234cc98ffd', 'Trainer Back Pack', 'ab0a1f36-fc9d-4679-ad4d-ae24463b55bc', 69, 7, true, '2026-03-05T13:50:12.073928+00:00'),
  ('2076472e-21f2-489d-925e-a78f1c316ed8', 'AM9 - ADULT - LH', '58466142-b8f0-4562-a3d4-74fd86549116', 179, 8, true, '2026-03-05T13:50:12.073928+00:00'),
  ('877fcd68-e536-4b1f-9429-e96a58e3aaf8', 'AM11 - ADULT - LH', '1c555fdd-e7a1-470e-9c9c-2def7722ea81', 229, 8, true, '2026-03-05T13:50:12.073928+00:00'),
  ('73fbcc56-f576-436b-8581-aaff2cc53060', 'AURORA', '91f05896-cbb0-4a74-99d6-79d309b18908', 0, 8, true, '2026-03-05T13:50:12.073928+00:00'),
  ('2c868633-8c4a-4b32-8e64-236b406d732d', 'AM9 - YOUTH - RH', '1c555fdd-e7a1-470e-9c9c-2def7722ea81', 179, 9, true, '2026-03-05T13:50:12.073928+00:00'),
  ('935ae6dc-9aa3-4601-89ce-99912847116f', 'VANTA', '91f05896-cbb0-4a74-99d6-79d309b18908', 0, 9, true, '2026-03-05T13:50:12.073928+00:00'),
  ('ae062d27-2aa0-4179-aa25-e42ffbf87690', 'AM10 - YOUTH - RH', '58466142-b8f0-4562-a3d4-74fd86549116', 159, 9, true, '2026-03-05T13:50:12.073928+00:00'),
  ('6d1b9b39-3f25-43d9-a235-f57e828c8764', 'CUSTOM - MATCH BAT SHAPE', '91f05896-cbb0-4a74-99d6-79d309b18908', 0, 10, true, '2026-03-05T13:50:12.073928+00:00'),
  ('dfad88ce-d179-4bd4-9abc-aaa3de956f6e', 'AM10 - YOUTH - LH', '58466142-b8f0-4562-a3d4-74fd86549116', 159, 10, true, '2026-03-05T13:50:12.073928+00:00'),
  ('d36b1bbe-d41a-460c-927d-b458a0094cbd', 'AM9 - YOUTH - LH', '1c555fdd-e7a1-470e-9c9c-2def7722ea81', 179, 10, true, '2026-03-05T13:50:12.073928+00:00'),
  ('224c7829-c70a-4ce6-9c58-eaad42b94520', 'AM10 - ADULT - RH', '58466142-b8f0-4562-a3d4-74fd86549116', 179, 11, true, '2026-03-05T13:50:12.073928+00:00'),
  ('531edc19-6b85-4c86-9a4a-59a276620310', 'AM9 - ADULT - RH', '1c555fdd-e7a1-470e-9c9c-2def7722ea81', 199, 11, true, '2026-03-05T13:50:12.073928+00:00'),
  ('051d840f-a927-45b5-98c7-bdf662df29c1', 'AM9 - ADULT - LH', '1c555fdd-e7a1-470e-9c9c-2def7722ea81', 199, 12, true, '2026-03-05T13:50:12.073928+00:00'),
  ('2fb21a11-7a4e-4438-9b75-6139314eaf0b', 'AM10 - ADULT - LH', '58466142-b8f0-4562-a3d4-74fd86549116', 179, 12, true, '2026-03-05T13:50:12.073928+00:00'),
  ('408cde91-5934-40ee-9a7a-7642e3435822', 'AM11 - YOUTH - RH', '58466142-b8f0-4562-a3d4-74fd86549116', 159, 13, true, '2026-03-05T13:50:12.073928+00:00'),
  ('fb977280-ce3a-43d1-b02b-fa26faf2f170', 'AM11 - YOUTH - LH', '58466142-b8f0-4562-a3d4-74fd86549116', 159, 14, true, '2026-03-05T13:50:12.073928+00:00'),
  ('20c10535-962c-47e0-b08a-fc1bfb1977df', 'AM11 - ADULT - RH', '58466142-b8f0-4562-a3d4-74fd86549116', 179, 15, true, '2026-03-05T13:50:12.073928+00:00'),
  ('7c3fbbc5-a865-4ee0-8084-63aae3bafe4b', 'AM11 - ADULT - LH', '58466142-b8f0-4562-a3d4-74fd86549116', 179, 16, true, '2026-03-05T13:50:12.073928+00:00')
ON CONFLICT (id) DO UPDATE SET name = EXCLUDED.name, category_id = EXCLUDED.category_id, default_price = EXCLUDED.default_price, sort_order = EXCLUDED.sort_order, is_active = EXCLUDED.is_active;

-- Spec types
INSERT INTO public.spec_types (id, key, label, has_pricing, sort_order, is_active, created_at) VALUES
  ('a66f2e68-738d-4540-9c69-fc75df8ed200', 'willowGrade', 'Willow Grade', true, 1, true, '2026-03-05T13:50:22.230256+00:00'),
  ('999b11ae-43ec-41ec-8a36-32f0dac40912', 'stickerColour', 'Sticker Colour', false, 2, true, '2026-03-05T13:50:22.230256+00:00'),
  ('c1730308-9b02-4270-a77b-336ae0bc6c4c', 'stickerDesign', 'Sticker Design', false, 3, true, '2026-03-05T13:50:22.230256+00:00'),
  ('bd46c8cb-5e32-46c6-be9a-1e9d01b563ba', 'gripStyleColour', 'Grip Style & Colour', false, 4, true, '2026-03-05T13:50:22.230256+00:00'),
  ('fb08a5df-f111-410a-9915-b9f163af366b', 'faceProtection', 'Face Protection', true, 5, true, '2026-03-05T13:50:22.230256+00:00'),
  ('b83456cb-6cc4-4486-b6b7-c04128cb8e95', 'handleLength', 'Handle Length', false, 6, true, '2026-03-05T13:50:22.230256+00:00'),
  ('2182b45d-42a0-4627-86b0-d79c78544929', 'handleShape', 'Handle Shape', false, 7, true, '2026-03-05T13:50:22.230256+00:00'),
  ('e952406f-6c70-496b-81c0-1557383d8d08', 'handleThickness', 'Handle Thickness', false, 8, true, '2026-03-05T13:50:22.230256+00:00'),
  ('36d74ea9-c28f-4893-a844-ebe250454f7c', 'finishedWeight', 'Finished Weight', false, 9, true, '2026-03-05T13:50:22.230256+00:00'),
  ('c0fbaf63-b054-4cf1-83b8-1c7e81b7b9c9', 'toeProtection', 'Toe Protection', true, 10, true, '2026-03-05T13:50:22.230256+00:00'),
  ('aef7c8bb-bcb3-4624-a33e-ac285d2f3b8d', 'knockingIn', 'Knocking In', true, 11, true, '2026-03-05T13:50:22.230256+00:00'),
  ('ec5ac18f-246a-4896-bc02-746e38606d27', 'batSize', 'Bat Size', false, 12, true, '2026-03-05T13:50:22.230256+00:00'),
  ('a4c7fbbc-e944-458a-8925-1bf0cf882a67', 'toeShape', 'Toe Shape', false, 13, true, '2026-03-05T13:50:22.230256+00:00')
ON CONFLICT (id) DO UPDATE SET key = EXCLUDED.key, label = EXCLUDED.label, has_pricing = EXCLUDED.has_pricing, sort_order = EXCLUDED.sort_order, is_active = EXCLUDED.is_active;

-- Spec options
INSERT INTO public.spec_options (id, spec_type_id, value, price, sort_order, is_active, created_at) VALUES
  ('90f5b1b2-451f-49a1-a158-3bb31b2dc6c7', 'c0fbaf63-b054-4cf1-83b8-1c7e81b7b9c9', 'Hard Toe', 70, 1, true, '2026-03-05T13:51:14.777811+00:00'),
  ('312d7d6e-534c-46cd-a572-c4b4cf8b6344', '2182b45d-42a0-4627-86b0-d79c78544929', 'Semi Oval', 0, 1, true, '2026-03-05T13:50:58.26894+00:00'),
  ('e959e888-fe75-466a-bf56-53f925c6b187', 'b83456cb-6cc4-4486-b6b7-c04128cb8e95', 'Short Handle (SH)', 0, 1, true, '2026-03-05T13:50:58.26894+00:00'),
  ('d54a1cd3-24a5-48b4-967c-9e9181e2bf31', 'fb08a5df-f111-410a-9915-b9f163af366b', 'None', 0, 1, true, '2026-03-05T13:50:58.26894+00:00'),
  ('56deb52a-1244-488b-ab70-a939a93c5a84', '999b11ae-43ec-41ec-8a36-32f0dac40912', 'White', 0, 1, true, '2026-03-05T13:50:58.26894+00:00'),
  ('cbf4f71a-0eab-4756-ac0c-198f772b6c12', '36d74ea9-c28f-4893-a844-ebe250454f7c', '1.14-1.15 lbs (850-879g)', 0, 1, true, '2026-03-05T13:51:14.777811+00:00'),
  ('f8f48f79-7780-4684-9c2d-94738174e3d4', 'a66f2e68-738d-4540-9c69-fc75df8ed200', 'Ultimate (Grade 1+)', 1799, 1, true, '2026-03-05T13:50:58.26894+00:00'),
  ('ad0385c6-3058-4cc9-a774-d29b519d507b', 'e952406f-6c70-496b-81c0-1557383d8d08', 'Thin', 0, 1, true, '2026-03-05T13:50:58.26894+00:00'),
  ('b2d32a61-3bbb-4472-84e2-46567dc093a6', 'aef7c8bb-bcb3-4624-a33e-ac285d2f3b8d', 'No - Do not knock in cricket bat/s', 0, 1, true, '2026-03-05T13:51:14.777811+00:00'),
  ('ddc81e7d-084c-4aba-a00e-673918ad8945', 'c1730308-9b02-4270-a77b-336ae0bc6c4c', 'BISON', 0, 1, true, '2026-03-05T13:50:58.26894+00:00'),
  ('57ce284f-f8be-41bf-895c-8422066f6600', 'ec5ac18f-246a-4896-bc02-746e38606d27', 'Harrow (825mm)', 0, 1, true, '2026-03-05T13:51:14.777811+00:00'),
  ('cf73ddfb-4fa4-4e26-85e7-f8f73677e50b', 'a4c7fbbc-e944-458a-8925-1bf0cf882a67', 'Round Max - Straight', 0, 1, true, '2026-03-05T13:51:14.777811+00:00'),
  ('9420b830-9906-474e-8fb0-b8de10e36bf1', 'bd46c8cb-5e32-46c6-be9a-1e9d01b563ba', 'Vortex - white', 0, 1, true, '2026-03-05T13:50:58.26894+00:00'),
  ('c984239e-0df5-4d1f-aeb8-eb05b06ffc66', 'c0fbaf63-b054-4cf1-83b8-1c7e81b7b9c9', 'Rubber Toe Guard', 0, 2, true, '2026-03-05T13:51:14.777811+00:00'),
  ('f7825ae2-7393-4af2-a75e-0bc2938ef2a8', 'aef7c8bb-bcb3-4624-a33e-ac285d2f3b8d', 'Yes - Knock in cricket bat/s', 0, 2, true, '2026-03-05T13:51:14.777811+00:00'),
  ('e8f9b81a-cb64-4fde-81a1-7525ef3b3a01', 'b83456cb-6cc4-4486-b6b7-c04128cb8e95', 'Long Handle (LH)', 0, 2, true, '2026-03-05T13:50:58.26894+00:00'),
  ('69bf7bbe-4007-45a1-8afa-24791c40c3b7', 'a4c7fbbc-e944-458a-8925-1bf0cf882a67', 'Round Max - Tapered', 0, 2, true, '2026-03-05T13:51:14.777811+00:00'),
  ('5bdcbea2-97f8-42d7-be9d-1bf64d34a3c1', 'fb08a5df-f111-410a-9915-b9f163af366b', 'Clearguard', 0, 2, true, '2026-03-05T13:50:58.26894+00:00'),
  ('3b9db953-2898-47b2-a67f-91663c9a6904', '999b11ae-43ec-41ec-8a36-32f0dac40912', 'Black', 0, 2, true, '2026-03-05T13:50:58.26894+00:00'),
  ('8497aa7a-acdf-4511-b58c-12304a46f2a1', 'bd46c8cb-5e32-46c6-be9a-1e9d01b563ba', 'Vortex - black', 0, 2, true, '2026-03-05T13:50:58.26894+00:00'),
  ('61207324-25af-48aa-9b73-c81c6e37a19a', 'c1730308-9b02-4270-a77b-336ae0bc6c4c', 'ALTO', 0, 2, true, '2026-03-05T13:50:58.26894+00:00'),
  ('0125d730-f425-4cc4-a508-d4fcfeeca874', '36d74ea9-c28f-4893-a844-ebe250454f7c', '1.15-2.0 lbs (879-907g)', 0, 2, true, '2026-03-05T13:51:14.777811+00:00'),
  ('78cdac7f-9714-486f-9603-bc973687a0af', 'e952406f-6c70-496b-81c0-1557383d8d08', 'Standard', 0, 2, true, '2026-03-05T13:50:58.26894+00:00'),
  ('ad65eec1-7a5b-4ef3-873d-5ed723f43de1', 'a66f2e68-738d-4540-9c69-fc75df8ed200', 'Pro (Light for big PRO bats)', 1399, 2, true, '2026-03-05T13:50:58.26894+00:00'),
  ('f3e14b77-7d49-40dc-bb97-e63e47dc6d5f', '2182b45d-42a0-4627-86b0-d79c78544929', 'Rectangle Oval', 0, 2, true, '2026-03-05T13:50:58.26894+00:00'),
  ('aecf0c2f-6a3b-40cd-88ce-3d34857072c3', 'ec5ac18f-246a-4896-bc02-746e38606d27', 'Standard Female (840mm)', 0, 2, true, '2026-03-05T13:51:14.777811+00:00'),
  ('cf113fbb-4ca1-4213-bd1d-2d3e52e2d41c', 'a4c7fbbc-e944-458a-8925-1bf0cf882a67', 'Round Min - Straight', 0, 3, true, '2026-03-05T13:51:14.777811+00:00'),
  ('f3a65386-eaab-47b4-8b67-b88a9e4935f5', 'c0fbaf63-b054-4cf1-83b8-1c7e81b7b9c9', 'None', 0, 3, true, '2026-03-05T13:51:14.777811+00:00'),
  ('68230105-a856-4c0f-9e20-694b9d09f7dd', '999b11ae-43ec-41ec-8a36-32f0dac40912', 'Red', 0, 3, true, '2026-03-05T13:50:58.26894+00:00'),
  ('5872e08a-ef5c-4864-a395-3eac8dec06cb', 'c1730308-9b02-4270-a77b-336ae0bc6c4c', 'ZENITH', 0, 3, true, '2026-03-05T13:50:58.26894+00:00'),
  ('1f584baa-20af-4b3b-ade4-9926863cdbaa', 'a66f2e68-738d-4540-9c69-fc75df8ed200', 'Elite (Grade 1)', 1199, 3, true, '2026-03-05T13:50:58.26894+00:00'),
  ('3b7d86eb-33d9-4322-904a-14f08d522cb4', 'bd46c8cb-5e32-46c6-be9a-1e9d01b563ba', 'Chevron - white', 0, 3, true, '2026-03-05T13:50:58.26894+00:00'),
  ('0b4733f1-9d82-466e-a342-e273f4d0dfcd', 'ec5ac18f-246a-4896-bc02-746e38606d27', 'Small Adult (840mm)', 0, 3, true, '2026-03-05T13:51:14.777811+00:00'),
  ('28e77d4d-2f0e-4284-89e9-1a088333da5e', 'fb08a5df-f111-410a-9915-b9f163af366b', 'Clearguard+', 0, 3, true, '2026-03-05T13:50:58.26894+00:00'),
  ('b8028296-56eb-4488-9a80-5a5e16128066', 'b83456cb-6cc4-4486-b6b7-c04128cb8e95', 'Super Short Handle (SSH)', 0, 3, true, '2026-03-05T13:50:58.26894+00:00'),
  ('a0f3eaae-d57c-4ac3-a887-c848624aadf5', '2182b45d-42a0-4627-86b0-d79c78544929', 'Octo', 0, 3, true, '2026-03-05T13:50:58.26894+00:00'),
  ('fa1af176-3f78-4e3c-8d81-cec4181f7aba', 'e952406f-6c70-496b-81c0-1557383d8d08', 'Thick', 0, 3, true, '2026-03-05T13:50:58.26894+00:00'),
  ('ec8c82aa-b8d8-40a6-8e97-f1f202ae081d', '36d74ea9-c28f-4893-a844-ebe250454f7c', '2.0-2.1 lbs (907-936g)', 0, 3, true, '2026-03-05T13:51:14.777811+00:00'),
  ('d5655f01-08e7-4ca9-bd03-04db96133450', '999b11ae-43ec-41ec-8a36-32f0dac40912', 'Green', 0, 4, true, '2026-03-05T13:50:58.26894+00:00'),
  ('1fcd09fe-b631-4a8a-99e3-766fc284d9ef', 'c1730308-9b02-4270-a77b-336ae0bc6c4c', 'GUARDIAN', 0, 4, true, '2026-03-05T13:50:58.26894+00:00'),
  ('c5aa3d7a-fc81-4963-9311-9a5ad69feb37', '36d74ea9-c28f-4893-a844-ebe250454f7c', '2.1-2.2 lbs (936-964g)', 0, 4, true, '2026-03-05T13:51:14.777811+00:00'),
  ('01068826-e427-4287-9d87-c271e888cc3b', 'a4c7fbbc-e944-458a-8925-1bf0cf882a67', 'Round Min - Tapered', 0, 4, true, '2026-03-05T13:51:14.777811+00:00'),
  ('344cc566-7bc0-4dd8-a368-2976edeae1c1', '2182b45d-42a0-4627-86b0-d79c78544929', 'Round', 0, 4, true, '2026-03-05T13:50:58.26894+00:00'),
  ('111e0d21-8fa4-4de6-ad5c-a137327d37d5', 'ec5ac18f-246a-4896-bc02-746e38606d27', 'Standard Adult (851mm)', 0, 4, true, '2026-03-05T13:51:14.777811+00:00'),
  ('1ed35f1d-58d9-440d-8222-1e67fbca5a13', 'bd46c8cb-5e32-46c6-be9a-1e9d01b563ba', 'Players - white', 0, 4, true, '2026-03-05T13:50:58.26894+00:00'),
  ('ae64b85a-d6e2-4a5d-98b5-9296607ed552', 'fb08a5df-f111-410a-9915-b9f163af366b', 'Fibreguard', 0, 4, true, '2026-03-05T13:50:58.26894+00:00'),
  ('ef5e98bb-6ab8-470c-9552-6644d8bdbce7', 'b83456cb-6cc4-4486-b6b7-c04128cb8e95', 'Standard for the bats size', 0, 4, true, '2026-03-05T13:50:58.26894+00:00'),
  ('4073f30c-d227-4b25-9316-1b380f0a1ac3', 'a66f2e68-738d-4540-9c69-fc75df8ed200', 'Supreme (Grade 2)', 999, 4, true, '2026-03-05T13:50:58.26894+00:00'),
  ('346df368-861f-44eb-8f5e-3812aa99a54f', 'c1730308-9b02-4270-a77b-336ae0bc6c4c', 'ORIGINAL', 0, 5, true, '2026-03-05T13:50:58.26894+00:00'),
  ('183796e0-c235-4215-95fd-e4639c5cda74', '36d74ea9-c28f-4893-a844-ebe250454f7c', '2.2-2.3 lbs (964-992g)', 0, 5, true, '2026-03-05T13:51:14.777811+00:00'),
  ('478ca99c-49cc-4951-bf23-bd6db717c7ff', 'b83456cb-6cc4-4486-b6b7-c04128cb8e95', 'Custom', 0, 5, true, '2026-03-05T13:50:58.26894+00:00'),
  ('91fcb583-92ca-4d1a-9509-c49b1baffea5', 'ec5ac18f-246a-4896-bc02-746e38606d27', 'Long Blade', 0, 5, true, '2026-03-05T13:51:14.777811+00:00'),
  ('4ff4cf60-c337-4120-9d6f-0bde2ecb49f9', '2182b45d-42a0-4627-86b0-d79c78544929', 'Oval', 0, 5, true, '2026-03-05T13:50:58.26894+00:00'),
  ('3c0a4475-cf03-4919-8c4a-2826a66c41ed', 'a66f2e68-738d-4540-9c69-fc75df8ed200', 'Performance (Grade 3/4)', 799, 5, true, '2026-03-05T13:50:58.26894+00:00'),
  ('3bedcafc-0bc5-4161-a520-1ff0c84266ef', 'bd46c8cb-5e32-46c6-be9a-1e9d01b563ba', 'Players - fluro yellow', 0, 5, true, '2026-03-05T13:50:58.26894+00:00'),
  ('cebb6de4-b37d-4dac-8802-90b3b78de665', 'a4c7fbbc-e944-458a-8925-1bf0cf882a67', 'Square - Straight', 0, 5, true, '2026-03-05T13:51:14.777811+00:00'),
  ('0ee20dd6-8dc5-4256-af77-ecd976c8b027', '999b11ae-43ec-41ec-8a36-32f0dac40912', 'Yellow', 0, 5, true, '2026-03-05T13:50:58.26894+00:00'),
  ('bfaf4ab8-6a01-40a4-8958-a7a1145866c5', 'fb08a5df-f111-410a-9915-b9f163af366b', 'Bat Armour', 0, 5, true, '2026-03-05T13:50:58.26894+00:00'),
  ('5e2dc402-3faf-449c-9f6d-51db740c8c2f', 'a4c7fbbc-e944-458a-8925-1bf0cf882a67', 'Square - Tapered', 0, 6, true, '2026-03-05T13:51:14.777811+00:00'),
  ('5c46368c-3650-47cb-8660-d1fd5e7c60e4', '999b11ae-43ec-41ec-8a36-32f0dac40912', 'Navy', 0, 6, true, '2026-03-05T13:50:58.26894+00:00'),
  ('8fcf2468-9639-4e43-9a0c-82cd29b959e7', 'c1730308-9b02-4270-a77b-336ae0bc6c4c', 'AURORA', 0, 6, true, '2026-03-05T13:50:58.26894+00:00'),
  ('a6746c20-4475-44a0-af60-150a0835c469', 'bd46c8cb-5e32-46c6-be9a-1e9d01b563ba', 'Players - bright orange', 0, 6, true, '2026-03-05T13:50:58.26894+00:00'),
  ('89092370-2f5f-4400-8564-5d216eb25527', '2182b45d-42a0-4627-86b0-d79c78544929', 'Ultra Oval', 0, 6, true, '2026-03-05T13:50:58.26894+00:00'),
  ('69b2a949-c4b1-4f35-a358-710f94973d14', '36d74ea9-c28f-4893-a844-ebe250454f7c', '2.3-2.4 lbs (992-1021g)', 0, 6, true, '2026-03-05T13:51:14.777811+00:00'),
  ('ddff023c-d4e7-43d1-91ea-ed3f0d69e021', 'ec5ac18f-246a-4896-bc02-746e38606d27', 'Custom', 0, 6, true, '2026-03-05T13:51:14.777811+00:00'),
  ('0e273f8b-c733-4fb5-b948-7ca2db68d960', '36d74ea9-c28f-4893-a844-ebe250454f7c', '2.4-2.5 lbs (1021-1049g)', 0, 7, true, '2026-03-05T13:51:14.777811+00:00'),
  ('e482383c-dccc-40cc-b917-5745d347ed7e', 'bd46c8cb-5e32-46c6-be9a-1e9d01b563ba', 'Players - green', 0, 7, true, '2026-03-05T13:50:58.26894+00:00'),
  ('895b4442-87a0-4013-97bd-52fd021f29b4', 'c1730308-9b02-4270-a77b-336ae0bc6c4c', 'APEX', 0, 7, true, '2026-03-05T13:50:58.26894+00:00'),
  ('438634a0-6a60-4cd6-84b4-8b86a3f48d7a', '2182b45d-42a0-4627-86b0-d79c78544929', 'V', 0, 7, true, '2026-03-05T13:50:58.26894+00:00'),
  ('688d64d9-e200-4ce9-95af-5fad2099b906', '999b11ae-43ec-41ec-8a36-32f0dac40912', 'Pink', 0, 7, true, '2026-03-05T13:50:58.26894+00:00'),
  ('7c45ffc4-ee79-41c2-aeb3-56b2cc90ebeb', '36d74ea9-c28f-4893-a844-ebe250454f7c', '2.5-2.6 lbs (1049-1077g)', 0, 8, true, '2026-03-05T13:51:14.777811+00:00'),
  ('8ade7426-e952-4ee8-9e69-855f741bc537', '999b11ae-43ec-41ec-8a36-32f0dac40912', 'Orange', 0, 8, true, '2026-03-05T13:50:58.26894+00:00'),
  ('28973dec-bf1c-470c-bebe-8bb1ba6f6c02', 'c1730308-9b02-4270-a77b-336ae0bc6c4c', 'VANTA', 0, 8, true, '2026-03-05T13:50:58.26894+00:00'),
  ('921fced4-637e-4081-a1ef-1f15ae79c292', 'bd46c8cb-5e32-46c6-be9a-1e9d01b563ba', 'Players - navy', 0, 8, true, '2026-03-05T13:50:58.26894+00:00'),
  ('9d239df6-1375-4ac4-953c-cb49a126ec9d', '2182b45d-42a0-4627-86b0-d79c78544929', 'Axe', 0, 8, true, '2026-03-05T13:50:58.26894+00:00'),
  ('183a31c2-ecb3-4891-ac41-109601ca43d9', '2182b45d-42a0-4627-86b0-d79c78544929', 'Old School', 0, 9, true, '2026-03-05T13:50:58.26894+00:00'),
  ('c04b508e-2670-4f71-8353-a9b06af4f59b', '999b11ae-43ec-41ec-8a36-32f0dac40912', 'Purple', 0, 9, true, '2026-03-05T13:50:58.26894+00:00'),
  ('5b9600be-42dc-43a2-887e-8da0d8a7aa2e', '36d74ea9-c28f-4893-a844-ebe250454f7c', '2.6-2.7 lbs (1077-1106g)', 0, 9, true, '2026-03-05T13:51:14.777811+00:00'),
  ('23a1695e-8c17-4f2a-9de3-6b53f53d0749', '36d74ea9-c28f-4893-a844-ebe250454f7c', '2.7-2.8 lbs (1106-1134g)', 0, 10, true, '2026-03-05T13:51:14.777811+00:00'),
  ('2ab7f96d-4c80-45ce-8662-cd92023ba8b9', '2182b45d-42a0-4627-86b0-d79c78544929', 'Custom', 0, 10, true, '2026-03-05T13:50:58.26894+00:00'),
  ('74050c67-9ada-45fc-b495-8c4b70c765ee', '999b11ae-43ec-41ec-8a36-32f0dac40912', 'Pro Blue', 0, 10, true, '2026-03-05T13:50:58.26894+00:00'),
  ('d8df95bb-15dd-43e7-bdb4-f7145b15049a', '36d74ea9-c28f-4893-a844-ebe250454f7c', '2.8-2.9 lbs (1134-1162g)', 0, 11, true, '2026-03-05T13:51:14.777811+00:00'),
  ('9408c3da-05c8-47f9-9438-e2f7e33f5ba5', '999b11ae-43ec-41ec-8a36-32f0dac40912', 'Indigenous', 0, 11, true, '2026-03-05T13:50:58.26894+00:00'),
  ('12831a9c-10f4-46cc-a33b-4abd2e424275', '36d74ea9-c28f-4893-a844-ebe250454f7c', '2.9-2.10 lbs (1162-1191g)', 0, 12, true, '2026-03-05T13:51:14.777811+00:00'),
  ('256ef654-db77-432e-bfcc-dd5afaa9bfb8', '36d74ea9-c28f-4893-a844-ebe250454f7c', '2.10-2.11 lbs (1191-1219g)', 0, 13, true, '2026-03-05T13:51:14.777811+00:00'),
  ('44f9bcfa-95da-4c2f-8c95-2459a37b2de7', '36d74ea9-c28f-4893-a844-ebe250454f7c', '2.11-2.12 lbs (1219-1247g)', 0, 14, true, '2026-03-05T13:51:14.777811+00:00'),
  ('244dd095-02e2-4150-a770-8fdf04f26439', '36d74ea9-c28f-4893-a844-ebe250454f7c', '2.12-2.13 lbs (1247-1276g)', 0, 15, true, '2026-03-05T13:51:14.777811+00:00'),
  ('8a07219c-6513-44c8-9446-8a85f2378455', '36d74ea9-c28f-4893-a844-ebe250454f7c', '2.13-2.14 lbs (1276-1304g)', 0, 16, true, '2026-03-05T13:51:14.777811+00:00'),
  ('e0566a12-70be-4ccd-ac4f-a453bf54cac5', '36d74ea9-c28f-4893-a844-ebe250454f7c', '2.14-2.15 lbs (1304-1332g)', 0, 17, true, '2026-03-05T13:51:14.777811+00:00'),
  ('6c236423-8d42-456c-baa9-4c03c110260a', '36d74ea9-c28f-4893-a844-ebe250454f7c', '2.15-3.0 lbs (1332-1361g)', 0, 18, true, '2026-03-05T13:51:14.777811+00:00'),
  ('fce8104d-c63f-4ef6-90f5-fbc3e55348a0', '36d74ea9-c28f-4893-a844-ebe250454f7c', '3.0-3.1 lbs (1361-1389g)', 0, 19, true, '2026-03-05T13:51:14.777811+00:00'),
  ('307336ec-913a-4459-b59a-77f8b321f37a', '36d74ea9-c28f-4893-a844-ebe250454f7c', '3.1-3.2 lbs (1389-1417g)', 0, 20, true, '2026-03-05T13:51:14.777811+00:00'),
  ('3977b9b1-9560-4a11-a8cd-0ff997e1cf5f', '36d74ea9-c28f-4893-a844-ebe250454f7c', '3.2-3.3 lbs (1417-1446g)', 0, 21, true, '2026-03-05T13:51:14.777811+00:00'),
  ('780ef4b9-2ee2-4334-bd41-7b3221b16d96', '36d74ea9-c28f-4893-a844-ebe250454f7c', '3.3-3.4 lbs (1446-1474g)', 0, 22, true, '2026-03-05T13:51:14.777811+00:00'),
  ('6e516c24-8212-4146-b307-378a494a8d63', '36d74ea9-c28f-4893-a844-ebe250454f7c', '3.4-3.5 lbs (1474-1503g)', 0, 23, true, '2026-03-05T13:51:14.777811+00:00')
ON CONFLICT (id) DO UPDATE SET spec_type_id = EXCLUDED.spec_type_id, value = EXCLUDED.value, price = EXCLUDED.price, sort_order = EXCLUDED.sort_order, is_active = EXCLUDED.is_active;

-- Colour options
INSERT INTO public.colour_options (id, value, sort_order, is_active) VALUES
  ('266f2d02-5360-4334-b421-e60ff47ebc7b', 'White', 1, true),
  ('2b61ddb2-0c2d-4478-ba21-8925133a96d5', 'Black', 2, true),
  ('d9e0f2dd-e840-40de-891f-926d6f8a2f52', 'Navy', 3, true),
  ('2a0c4cc2-6b36-4b81-a6f0-6238141a30cb', 'Maroon', 4, true),
  ('95022070-9e85-448c-8413-7bfb979af7bb', 'Mid Green', 5, true),
  ('527c2cf3-d2e6-43a3-9abe-79a0bf8c661d', 'Red', 6, true),
  ('243c4912-a376-4a34-99be-68917cabdf61', 'Sky Blue', 7, true),
  ('1389fffe-cdf4-4e3d-b366-6442985f8c72', 'Bottle Green', 8, true),
  ('f0564dfe-b5e3-43f1-b468-d5ab46be6757', 'Bright Yellow', 9, true),
  ('35304c46-ce75-46e7-9dc2-eab1868c3d3e', 'Golden Yellow', 10, true),
  ('47d363bc-48c6-4dcb-9979-0a5a9cf2895b', 'Orange', 11, true),
  ('c4ffa5eb-97b0-4b19-a954-a605136e9952', 'Custom', 12, true)
ON CONFLICT (id) DO UPDATE SET value = EXCLUDED.value, sort_order = EXCLUDED.sort_order, is_active = EXCLUDED.is_active;

-- Standard terms
INSERT INTO public.standard_terms (id, title, body, sort_order, is_active, created_at) VALUES
  ('58008289-ac4e-4508-9048-6d56a37b8497', 'Purchasing Additional Gear (Tiered Discount)', 'Players may purchase additional Cooper Cricket equipment outside of their allocated sponsorship package at their designated tier discount rate.', 1, true, '2026-03-05T13:50:34.727872+00:00'),
  ('db9b7c83-bc9e-4349-ac46-3100b9f442ce', 'Early Termination and Exit Fee', 'If the player wishes to terminate this contract before the agreed end date, they must provide 30 days written notice and pay an early exit fee to Cooper Cricket.', 2, true, '2026-03-05T13:50:34.727872+00:00'),
  ('de9609ea-fdd4-4fd7-925e-950d107feb59', 'Non-Supplied Specialist Equipment Exception', 'The player must wear Cooper Cricket branding for all equipment categories we supply. If the player requires a specialist item that Cooper Cricket does not currently manufacture, they are permitted to use an alternative brand.', 3, true, '2026-03-05T13:50:34.727872+00:00'),
  ('46b206a0-b1d4-475d-862b-6dbcb3982d7d', 'Alternative Bat Branding (Sticker Application)', 'While Cooper Cricket prefers players to use our custom crafted bats, we are willing to supply branding decals for an alternative bat of the player''s choosing.', 4, true, '2026-03-05T13:50:34.727872+00:00'),
  ('36351dad-5663-4eac-820c-446c51a19771', 'Workshop Repairs and Refurbishments', 'Equipment repairs and refurbishments are provided free of charge for fully sponsored players. For tiered agreements, repairs are charged at the designated discount rate.', 5, true, '2026-03-05T13:50:34.727872+00:00'),
  ('48d0a758-0965-4edb-9ca3-ca0d0f55ede4', 'Branded Equipment Requirement', 'Player must wear Cooper Cricket branded equipment during all official matches, training sessions, and public appearances related to cricket.', 6, true, '2026-03-05T13:50:34.727872+00:00'),
  ('90239261-4f1d-463f-95c5-e639ecef4a84', 'Equipment Ownership', 'All equipment provided remains the property of Cooper Cricket and must be returned upon termination of this agreement.', 7, true, '2026-03-05T13:50:34.727872+00:00'),
  ('f47f7d4a-26db-416f-9217-504494805798', 'Exclusivity', 'Player agrees not to endorse or publicly use competing cricket equipment brands during the term of this agreement.', 8, true, '2026-03-05T13:50:34.727872+00:00'),
  ('35a75252-f580-47f1-aac4-345999f57cd9', 'Promotional Rights', 'Cooper Cricket reserves the right to use the player''s name, likeness, and playing statistics in promotional materials.', 9, true, '2026-03-05T13:50:34.727872+00:00'),
  ('80ea5a7f-96ec-433b-a619-1153fe5ab0b6', 'Promotional Events', 'Player will make themselves available for a minimum of two (2) promotional events per year as arranged by Cooper Cricket.', 10, true, '2026-03-05T13:50:34.727872+00:00'),
  ('f03c0bec-37b7-4940-b6f0-3db850ab76e0', 'Equipment Replacement', 'Equipment will be replaced on a like-for-like basis due to normal wear and tear at no additional cost to the player.', 11, true, '2026-03-05T13:50:34.727872+00:00'),
  ('e9af4cff-8fc6-41b8-881b-1d3d372a38df', 'Termination', 'This agreement may be terminated by either party with 30 days written notice.', 12, true, '2026-03-05T13:50:34.727872+00:00'),
  ('aca10fdd-872d-49e7-94bb-aae81ba8bd97', 'Dispute Resolution', 'Any disputes arising from this agreement will be resolved through mediation before pursuing legal action.', 13, true, '2026-03-05T13:50:34.727872+00:00'),
  ('72b9db0a-bc75-4162-a4ad-6918944c682e', 'Event Attendance Notice', 'Player must provide reasonable notice if unable to attend scheduled promotional events.', 14, true, '2026-03-05T13:50:34.727872+00:00')
ON CONFLICT (id) DO UPDATE SET title = EXCLUDED.title, body = EXCLUDED.body, sort_order = EXCLUDED.sort_order, is_active = EXCLUDED.is_active;
